INSERT INTO AIRPORT (ID_AIRPORT, CITY) VALUES ('KAT', 'Katowice');
INSERT INTO AIRPORT (ID_AIRPORT, city) VALUES ('JFK', 'New York');         
INSERT INTO AIRPORT (ID_AIRPORT, city) VALUES ('CDG', 'Paris');    
INSERT INTO AIRPORT (ID_AIRPORT, city) VALUES ('HND', 'Tokyo');       
INSERT INTO AIRPORT (ID_AIRPORT, city) VALUES ('DXB', 'Dubai');             
INSERT INTO AIRPORT (ID_AIRPORT, city) VALUES ('SYD', 'Sydney');          
INSERT INTO AIRPORT (ID_AIRPORT, city) VALUES ('FRA', 'Frankfurt');       
INSERT INTO AIRPORT (ID_AIRPORT, city) VALUES ('PEK', 'Beijing');          
INSERT INTO AIRPORT (ID_AIRPORT, city) VALUES ('GRU', 'São Paulo');         
INSERT INTO AIRPORT (ID_AIRPORT, city) VALUES ('LAX', 'Los Angeles');

INSERT INTO AIRPLANE (ID_AIRPLANE, SEAT_AMOUNT, MODEL) VALUES ('A320', 180, 'Airbus A320');
INSERT INTO AIRPLANE (ID_AIRPLANE, SEAT_AMOUNT, MODEL) VALUES ('B737', 160, 'Boeing 737');
INSERT INTO AIRPLANE (ID_AIRPLANE, SEAT_AMOUNT, MODEL) VALUES ('B777', 396, 'Boeing 777');
INSERT INTO AIRPLANE (ID_AIRPLANE, SEAT_AMOUNT, MODEL) VALUES ('A380', 500, 'Airbus A380');
INSERT INTO AIRPLANE (ID_AIRPLANE, SEAT_AMOUNT, MODEL) VALUES ('E190', 100, 'Embraer E190');
INSERT INTO AIRPLANE (ID_AIRPLANE, SEAT_AMOUNT, MODEL) VALUES ('CRJ900', 90, 'Bombardier CRJ900');
INSERT INTO AIRPLANE (ID_AIRPLANE, SEAT_AMOUNT, MODEL) VALUES ('B787', 280, 'Boeing 787 Dreamliner');
INSERT INTO AIRPLANE (ID_AIRPLANE, SEAT_AMOUNT, MODEL) VALUES ('A321', 185, 'Airbus A321');
INSERT INTO AIRPLANE (ID_AIRPLANE, SEAT_AMOUNT, MODEL) VALUES ('B747', 410, 'Boeing 747');
INSERT INTO AIRPLANE (ID_AIRPLANE, SEAT_AMOUNT, MODEL) VALUES ('E175', 76, 'Embraer E175');

INSERT INTO PASSENGER (PASSPORT_ID, NAME, SURNAME, BIRTH_DATE) VALUES ('P001', 'John', 'Doe', '1980-01-15');
INSERT INTO PASSENGER (PASSPORT_ID, NAME, SURNAME, BIRTH_DATE) VALUES ('P002', 'Jane', 'Smith', '1985-03-22');
INSERT INTO PASSENGER (PASSPORT_ID, NAME, SURNAME, BIRTH_DATE) VALUES ('P003', 'Robert', 'Brown', '1978-07-09');
INSERT INTO PASSENGER (PASSPORT_ID, NAME, SURNAME, BIRTH_DATE) VALUES ('P004', 'Emily', 'Davis', '1990-11-05');
INSERT INTO PASSENGER (PASSPORT_ID, NAME, SURNAME, BIRTH_DATE) VALUES ('P005', 'Michael', 'Wilson', '1982-05-30');
INSERT INTO PASSENGER (PASSPORT_ID, NAME, SURNAME, BIRTH_DATE) VALUES ('P006', 'Sarah', 'Johnson', '1992-02-14');
INSERT INTO PASSENGER (PASSPORT_ID, NAME, SURNAME, BIRTH_DATE) VALUES ('P007', 'David', 'Lee', '1975-09-23');
INSERT INTO PASSENGER (PASSPORT_ID, NAME, SURNAME, BIRTH_DATE) VALUES ('P008', 'Laura', 'Martinez', '1988-06-17');
INSERT INTO PASSENGER (PASSPORT_ID, NAME, SURNAME, BIRTH_DATE) VALUES ('P009', 'Thomas', 'Garcia', '1983-10-12');
INSERT INTO PASSENGER (PASSPORT_ID, NAME, SURNAME, BIRTH_DATE) VALUES ('P010', 'Anna', 'Rodriguez', '1995-12-01');

-- Lot 1: z Londynu (LHR) do Nowego Jorku (JFK) samolot Boeing 747
INSERT INTO FLIGHT (ID_FLIGHT, DEPARTURE_DATE, ARRIVAL_DATE, CHECK_IN, DEPARTURE_AIRPORT_ID_AIRPORT, ARRIVAL_AIRPORT_ID_AIRPORT, AIRPLANE_ID_AIRPLANE)
VALUES (1, '2025-05-10', '2025-05-10', '06:30:00', 'KAT', 'JFK', 'B747');

-- Lot 2: z Paryża (CDG) do Frankfurtu (FRA) samolot Airbus A320
INSERT INTO FLIGHT (ID_FLIGHT, DEPARTURE_DATE, ARRIVAL_DATE, CHECK_IN, DEPARTURE_AIRPORT_ID_AIRPORT, ARRIVAL_AIRPORT_ID_AIRPORT, AIRPLANE_ID_AIRPLANE)
VALUES (2, '2025-05-11', '2025-05-11', '07:15:00', 'CDG', 'FRA', 'A320');

-- Lot 3: z Tokio (HND) do Sydney (SYD) samolot Boeing 787 Dreamliner
INSERT INTO FLIGHT (ID_FLIGHT, DEPARTURE_DATE, ARRIVAL_DATE, CHECK_IN, DEPARTURE_AIRPORT_ID_AIRPORT, ARRIVAL_AIRPORT_ID_AIRPORT, AIRPLANE_ID_AIRPLANE)
VALUES (3, '2025-05-12', '2025-05-12', '08:00:00', 'HND', 'SYD', 'B787');

-- Lot 4: z Dubaju (DXB) do São Paulo (GRU) samolot Airbus A380
INSERT INTO FLIGHT (ID_FLIGHT, DEPARTURE_DATE, ARRIVAL_DATE, CHECK_IN, DEPARTURE_AIRPORT_ID_AIRPORT, ARRIVAL_AIRPORT_ID_AIRPORT, AIRPLANE_ID_AIRPLANE)
VALUES (4, '2025-05-13', '2025-05-13', '09:00:00', 'DXB', 'GRU', 'A380');

-- Lot 5: z Pekinu (PEK) do Los Angeles (LAX) samolot Boeing 777
INSERT INTO FLIGHT (ID_FLIGHT, DEPARTURE_DATE, ARRIVAL_DATE, CHECK_IN, DEPARTURE_AIRPORT_ID_AIRPORT, ARRIVAL_AIRPORT_ID_AIRPORT, AIRPLANE_ID_AIRPLANE)
VALUES (5, '2025-05-14', '2025-05-14', '05:45:00', 'PEK', 'LAX', 'B777');

-- Lot 1 – przypisani pasażerowie
INSERT INTO PASSENGER_FLIGHTS (FLIGHTS_ID_FLIGHT, PASSENGER_PASSPORT_ID) VALUES (1, 'P001');
INSERT INTO PASSENGER_FLIGHTS (FLIGHTS_ID_FLIGHT, PASSENGER_PASSPORT_ID) VALUES (1, 'P002');

-- Lot 2 – przypisani pasażerowie
INSERT INTO PASSENGER_FLIGHTS (FLIGHTS_ID_FLIGHT, PASSENGER_PASSPORT_ID) VALUES (2, 'P003');
INSERT INTO PASSENGER_FLIGHTS (FLIGHTS_ID_FLIGHT, PASSENGER_PASSPORT_ID) VALUES (2, 'P004');
INSERT INTO PASSENGER_FLIGHTS (FLIGHTS_ID_FLIGHT, PASSENGER_PASSPORT_ID) VALUES (2, 'P005');

-- Lot 3 – przypisany pasażer
INSERT INTO PASSENGER_FLIGHTS (FLIGHTS_ID_FLIGHT, PASSENGER_PASSPORT_ID) VALUES (3, 'P006');

-- Lot 4 – przypisani pasażerowie
INSERT INTO PASSENGER_FLIGHTS (FLIGHTS_ID_FLIGHT, PASSENGER_PASSPORT_ID) VALUES (4, 'P007');
INSERT INTO PASSENGER_FLIGHTS (FLIGHTS_ID_FLIGHT, PASSENGER_PASSPORT_ID) VALUES (4, 'P008');
INSERT INTO PASSENGER_FLIGHTS (FLIGHTS_ID_FLIGHT, PASSENGER_PASSPORT_ID) VALUES (4, 'P009');

-- Lot 5 – przypisany pasażer
INSERT INTO PASSENGER_FLIGHTS (FLIGHTS_ID_FLIGHT, PASSENGER_PASSPORT_ID) VALUES (5, 'P010');


-- Lot 1: LHR → JFK
INSERT INTO FLIGHT_PASSENGER_LIST (FLIGHT_ID_FLIGHT, PASSENGER_LIST_PASSPORT_ID) VALUES (1, 'P001');
INSERT INTO FLIGHT_PASSENGER_LIST (FLIGHT_ID_FLIGHT, PASSENGER_LIST_PASSPORT_ID) VALUES (1, 'P002');
INSERT INTO FLIGHT_PASSENGER_LIST (FLIGHT_ID_FLIGHT, PASSENGER_LIST_PASSPORT_ID) VALUES (1, 'P003');

-- Lot 2: CDG → FRA
INSERT INTO FLIGHT_PASSENGER_LIST (FLIGHT_ID_FLIGHT, PASSENGER_LIST_PASSPORT_ID) VALUES (2, 'P004');
INSERT INTO FLIGHT_PASSENGER_LIST (FLIGHT_ID_FLIGHT, PASSENGER_LIST_PASSPORT_ID) VALUES (2, 'P005');

-- Lot 3: HND → SYD
INSERT INTO FLIGHT_PASSENGER_LIST (FLIGHT_ID_FLIGHT, PASSENGER_LIST_PASSPORT_ID) VALUES (3, 'P006');
INSERT INTO FLIGHT_PASSENGER_LIST (FLIGHT_ID_FLIGHT, PASSENGER_LIST_PASSPORT_ID) VALUES (3, 'P007');
INSERT INTO FLIGHT_PASSENGER_LIST (FLIGHT_ID_FLIGHT, PASSENGER_LIST_PASSPORT_ID) VALUES (3, 'P008');

-- Lot 4: DXB → GRU
INSERT INTO FLIGHT_PASSENGER_LIST (FLIGHT_ID_FLIGHT, PASSENGER_LIST_PASSPORT_ID) VALUES (4, 'P009');
INSERT INTO FLIGHT_PASSENGER_LIST (FLIGHT_ID_FLIGHT, PASSENGER_LIST_PASSPORT_ID) VALUES (4, 'P010');

-- Lot 5: PEK → LAX (Pasażerowie, którzy już wcześniej lecieli)
INSERT INTO FLIGHT_PASSENGER_LIST (FLIGHT_ID_FLIGHT, PASSENGER_LIST_PASSPORT_ID) VALUES (5, 'P001');
INSERT INTO FLIGHT_PASSENGER_LIST (FLIGHT_ID_FLIGHT, PASSENGER_LIST_PASSPORT_ID) VALUES (5, 'P006');



